guide,pam,start,end,strand,efficiency_raw,gc,efficiency_norm,offtarget_raw,offtarget_norm,GWAS_gene_weight,IS
TGCGTACGTTGACCTGACTG,AGG,1,21,+,60.75379484633351,0.55,0.999999999963794,0,0.0,0.9507893994541333,0.7803157597671709
GCTAGCTAGCTGACTGACTG,AGG,90,110,+,58.41749458101882,0.55,0.9154118648252433,0,0.0,0.9507893994541333,0.7464805057117507
CAGCTAGCTACGATCGGAAG,CCT,24,44,-,49.68755845675678,0.55,0.5993356191503207,0,0.0,0.9507893994541333,0.6200500074417816
AGCTGACTGCGTAGCTAGCT,AGG,57,77,+,36.74739001949151,0.55,0.1308236163322384,0,0.0,0.9507893994541333,0.4326452063145487
GCTAGCTAGCATCGATCGAT,CCT,80,100,-,33.13407889676952,0.5,0.0,0,0.0,0.9507893994541333,0.38031575978165333
CTGACTGACTGAGGCTAGCT,AGG,99,119,+,35.77120886650291,0.55,0.09547998156293627,2,1.0,0.9507893994541333,0.21850775240682785
